"Spectra_Name","Location","Instrument","Species_Code","Genus","Species","Canopy_position","PLSR_LeafAge_days","Measurement_Date","Leaf_VIS_Spectral_Absorption"
"BNL12801","FLMM","HR-1024i","BAS-EGG","Bastardiopsis","eggersii","Upper","153.658795061973","20170303",0.907162357672864
"BNL12802","FLMM","HR-1024i","COR-OBO","Cornutia","obovata","Lower","101.136669354988","20170303",0.906391943109171
"BNL12803","FLMM","HR-1024i","COR-OBO","Cornutia","obovata","Lower","99.233971943313","20170303",0.939918801983703
"BNL12804","FLMM","HR-1024i","PHL-COW","Phlebotaenia","(Polygala) cowellii","Lower","124.077541730522","20170303",0.933321926700477
"BNL12805","FLMM","HR-1024i","HYM-COU","Hymenaea","courbaril","Lower","131.956742758025","20170303",0.926191915775038
"BNL12806","FLMM","HR-1024i","PHL-COW","Phlebotaenia","(Polygala) cowellii","Upper","183.021394044574","20170303",0.958344639543552
"BNL12813","FLMM","PSR+3500","BYR-SPI","Byrsonima","spicata","Lower","755.749429795659","20170304",0.920553668687647
"BNL12814","FLMM","PSR+3500","BYR-SPI","Byrsonima","spicata","Upper","63.3588210193536","20170304",0.912955306870327
"BNL12815","FLMM","PSR+3500","BYR-SPI","Byrsonima","spicata","Upper","386.369045292005","20170304",0.947221310102007
"BNL12816","FLMM","PSR+3500","HYM-COU","Hymenaea","courbaril","Upper","32.3769603792364","20170304",0.862506474047516
"BNL12817","FLMM","PSR+3500","THE-GRA","Thespesia","grandiflora","Lower","135.830454794101","20170304",0.945388669091281
"BNL12818","FLMM","PSR+3500","THE-GRA","Thespesia","grandiflora","Lower","82.5371443797293","20170304",0.941679359719709
"BNL12819","FLMM","PSR+3500","BAN-VAN","Banara","vanderbiltii","Upper","114.342192525167","20170304",0.906297648022472
"BNL12820","FLMM","PSR+3500","BAN-VAN","Banara","vanderbiltii","Upper","154.025322806462","20170304",0.896393259163839
"BNL12821","FLMM","PSR+3500","HIE-CLU","Hieronyma","clusioides","Lower","37.7705789407772","20170304",0.893559380426284
"BNL12822","FLMM","PSR+3500","HIE-CLU","Hieronyma","clusioides","Lower","226.947757611446","20170304",0.928426258942934
"BNL12823","FLMM","PSR+3500","HIE-CLU","Hieronyma","clusioides","Lower","767.641037699448","20170304",0.909970281746837
"BNL12824","FLMM","PSR+3500","HIE-CLU","Hieronyma","clusioides","Upper","23.3911693234797","20170304",0.871136250425967
"BNL12825","FLMM","PSR+3500","HIE-CLU","Hieronyma","clusioides","Upper","63.0367606536253","20170304",0.929430172489577
"BNL12826","FLMM","PSR+3500","HIE-CLU","Hieronyma","clusioides","Upper","533.918698840853","20170304",0.924266022474776
"BNL12827","FLMM","PSR+3500","BAN-VAN","Banara","vanderbiltii","Lower","120.110352519459","20170304",0.925594441220331
"BNL12828","FLMM","PSR+3500","BAN-VAN","Banara","vanderbiltii","Lower","160.892527913971","20170304",0.935235618613708
"BNL12829","FLMM","PSR+3500","GOE-ELE","Goetzea","elegans","Upper","8.03457307062187","20170304",0.839437635235888
"BNL12830","FLMM","PSR+3500","GOE-ELE","Goetzea","elegans","Upper","87.1625837515778","20170304",0.938071417445947
"BNL12831","FLMM","PSR+3500","GOE-ELE","Goetzea","elegans","Upper","138.8062222197","20170304",0.939585615257399
"BNL12832","FLMM","PSR+3500","COR-OBO","Cornutia","obovata","Upper","27.7293309860472","20170304",0.928196071362394
"BNL12833","FLMM","PSR+3500","ACR-MED","Acrocomia","media","Upper","71.4388950686149","20170304",0.907727289634631
"BNL12835","CAM II","PSR+3500","COC-DIV","Coccoloba","diversifolia","Mid","170.546950630242","20170304",0.945609020848295
"BNL12836","CAM II","PSR+3500","COC-DIV","Coccoloba","diversifolia","Mid","287.41691192154","20170304",0.947150152285507
"BNL12837","CAM II","PSR+3500","SID-SAL","Sideroxylon","salicifolium (L.) Lam.","Mid","549.157198365567","20170304",0.929231955958812
"BNL12838","CAM II","PSR+3500","SID-SAL","Sideroxylon","salicifolium (L.) Lam.","Mid","527.479231561598","20170304",0.952911091248556
"BNL12839","CAM II","PSR+3500","COC-DIV","Coccoloba","diversifolia","Upper","315.143888082436","20170304",0.94188610710721
"BNL12840","CAM II","PSR+3500","SID-SAC","Sideroxylon","salicifolium (L.) Lam.","Mid","402.826308150641","20170304",0.946184518997363
"BNL12807","FLMM","HR-1024i","BAS-EGG","Bastardiopsis","eggersii","Lower","81.5249615286127","20170304",0.844840436974873
"BNL12808","FLMM","HR-1024i","HYM-COU","Hymenaea","courbaril","Mid","42.7623167775659","20170304",0.840742410903465
"BNL12809","FLMM","HR-1024i","BAS-EGG","Bastardiopsis","eggersii","Lower","145.615446178168","20170304",0.901512584900252
"BNL12810","FLMM","HR-1024i","THE-GRA","Thespesia","grandiflora","Upper","87.4443471909524","20170304",0.929665936178433
"BNL12811","FLMM","HR-1024i","BYR-SPI","Byrsonima","spicata","Lower","199.136928864405","20170304",0.941815238412281
"BNL12812","FLMM","HR-1024i","BYR-SPI","Byrsonima","spicata","Lower","271.570591203449","20170304",0.947414572338176
"BNL12813","FLMM","PSR+3500","BYR-SPI","Byrsonima","spicata","Lower","569.646977650291","20170304",0.925630311487775
"BNL12814","FLMM","PSR+3500","BYR-SPI","Byrsonima","spicata","Upper","71.4104128837161","20170304",0.896685520563467
"BNL12815","FLMM","PSR+3500","BYR-SPI","Byrsonima","spicata","Upper","320.058514742102","20170304",0.949179071031429
"BNL12816","FLMM","PSR+3500","HYM-COU","Hymenaea","courbaril","Upper","50.3514124542142","20170304",0.840290348349192
"BNL12817","FLMM","PSR+3500","THE-GRA","Thespesia","grandiflora","Lower","144.353110693765","20170304",0.945715356391988
"BNL12818","FLMM","PSR+3500","THE-GRA","Thespesia","grandiflora","Lower","106.895599446257","20170304",0.93209353461938
"BNL12819","FLMM","PSR+3500","BAN-VAN","Banara","vanderbiltii","Upper","141.954233157413","20170304",0.905530790808497
"BNL12820","FLMM","PSR+3500","BAN-VAN","Banara","vanderbiltii","Upper","138.274871229446","20170304",0.873920875162377
"BNL12821","FLMM","PSR+3500","HIE-CLU","Hieronyma","clusioides","Lower","64.6211895307554","20170304",0.892494246844229
"BNL12822","FLMM","PSR+3500","HIE-CLU","Hieronyma","clusioides","Lower","286.773586923889","20170304",0.920721262316457
"BNL12823","FLMM","PSR+3500","HIE-CLU","Hieronyma","clusioides","Lower","662.400194087197","20170304",0.90984871279768
"BNL12824","FLMM","PSR+3500","HIE-CLU","Hieronyma","clusioides","Upper","34.7707275378001","20170304",0.854210089229135
"BNL12825","FLMM","PSR+3500","HIE-CLU","Hieronyma","clusioides","Upper","88.9240339131891","20170304",0.920801494160609
"BNL12826","FLMM","PSR+3500","HIE-CLU","Hieronyma","clusioides","Upper","460.526865163613","20170304",0.918540993290042
"BNL12827","FLMM","PSR+3500","BAN-VAN","Banara","vanderbiltii","Lower","139.304615302958","20170304",0.916215429962851
"BNL12828","FLMM","PSR+3500","BAN-VAN","Banara","vanderbiltii","Lower","173.731698032934","20170304",0.930355390139382
"BNL12829","FLMM","PSR+3500","GOE-ELE","Goetzea","elegans","Upper","40.1522087486067","20170304",0.857127226498854
"BNL12830","FLMM","PSR+3500","GOE-ELE","Goetzea","elegans","Upper","112.466821882322","20170304",0.939243281370263
"BNL12831","FLMM","PSR+3500","GOE-ELE","Goetzea","elegans","Upper","174.627120300831","20170304",0.941828378550551
"BNL12832","FLMM","PSR+3500","COR-OBO","Cornutia","obovata","Upper","44.018552942744","20170304",0.930274919380651
"BNL12833","FLMM","PSR+3500","ACR-MED","Acrocomia","media","Upper","97.8210921353193","20170304",0.907052841178846
"BNL12835","CAM II","PSR+3500","COC-DIV","Coccoloba","diversifolia","Mid","189.271578396403","20170304",0.939999522093393
"BNL12836","CAM II","PSR+3500","COC-DIV","Coccoloba","diversifolia","Mid","305.92204883956","20170304",0.94543849380239
"BNL12837","CAM II","PSR+3500","SID-SAL","Sideroxylon","salicifolium (L.) Lam.","Mid","563.080451021355","20170304",0.909276908986563
"BNL12838","CAM II","PSR+3500","SID-SAL","Sideroxylon","salicifolium (L.) Lam.","Mid","468.884238064387","20170304",0.958831486372315
"BNL12839","CAM II","PSR+3500","COC-DIV","Coccoloba","diversifolia","Upper","276.521680677181","20170304",0.939630993220096
"BNL12840","CAM II","PSR+3500","SID-SAC","Sideroxylon","salicifolium (L.) Lam.","Mid","368.113064147885","20170304",0.943210574754101
"BNL12841","CAM II","HR-1024i","GYM-LUC","Gymnanthes","lucida Sw.","Upper","237.900006403766","20170304",0.949647374070987
"BNL12842","CAM II","HR-1024i","SID-SAL","Sideroxylon","salicifolium (L.) Lam.","Upper","380.531250528256","20170304",0.930903522293966
"BNL12844","CAM II","HR-1024i","COC-DIV","Coccoloba","diversifolia","Upper","260.425906873648","20170304",0.943168703126704
"BNL12845","CAM II","HR-1024i","COC-DIV","Coccoloba","diversifolia","Mid","238.467801766666","20170304",0.94422301868129
"BNL12846","CAM II","HR-1024i","CLU-ROS","Clusia","rosea Jacq.","Mid","17.0364636409957","20170304",0.950334976825456
"BNL12847","CAM II","HR-1024i","CLU-ROS","Clusia","rosea Jacq.","Mid","65.7638998777632","20170304",0.955225191765535
"BNL12848","CAM II","HR-1024i","COC-DIV","Coccoloba","diversifolia","Mid","205.598570366648","20170304",0.939582070379697
"BNL12849","CAM II","HR-1024i","COC-DIV","Coccoloba","diversifolia","Mid","355.679584314466","20170304",0.934096650183893
"BNL12850","CAR I","HR-1024i","KRU-FER","Krugiodendron","ferreum (Vahl) Urb.","Mid","122.876059836242","20170304",0.927239558095802
"BNL12851","CAR I","HR-1024i","GYM-LUC","Gymnanthes","lucida Sw.","Upper","164.49232022279","20170304",0.942367579565102
"BNL12852","CAR I","HR-1024i","GYM-LUC","Gymnanthes","lucida Sw.","Upper","134.473217924652","20170304",0.936778666706033
"BNL12853","CAM II","HR-1024i","KRU-FER","Krugiodendron","ferreum (Vahl) Urb.","Mid","342.651390129431","20170304",0.942843682524715
"BNL12854","CAR I","HR-1024i","SID-SAL","Sideroxylon","salicifolium (L.) Lam.","Upper","371.214140778874","20170304",0.925353025953356
"BNL12855","CAR I","HR-1024i","ZAN-MAR","Zanthoxylum","martinicense (Lam.) DC.","Mid","253.635293346396","20170304",0.931858776277659
"BNL12856","CAM II","HR-1024i","LIC-PAR","Licaria","parvifolia (Lam.) Kosterm.","Mid","560.452846570644","20170304",0.952487839200878
"BNL12857","CAM II","HR-1024i","ZAN-MAR","Zanthoxylum","martinicense (Lam.) DC.","Mid","208.789107203363","20170304",0.948906558635718
"BNL12858","CAM II","HR-1024i","KRU-FER","Krugiodendron","ferreum (Vahl) Urb.","Mid","189.78150217467","20170304",0.92849433893652
"BNL12859","CAM II","HR-1024i","GYM-LUC","Gymnanthes","lucida Sw.","Mid","212.438980404957","20170304",0.948130911924308
"BNL12860","CAR I","HR-1024i","SID-SAL","Sideroxylon","salicifolium (L.) Lam.","Upper","232.869197511099","20170304",0.924690526890739
"BNL12861","CAR I","HR-1024i","LIC-PAR","Licaria","parvifolia (Lam.) Kosterm.","Upper","398.888066862988","20170305",0.955337992133341
"BNL12701","FLMM","PSR+3500","PTE-OFF","Pterocarpus","officinalis",NA,"30.6503817665664","20170305",0.898853580080894
"BNL12702","FLMM","PSR+3500","PTE-OFF","Pterocarpus","officinalis",NA,"132.078050359005","20170305",0.938652266839536
"BNL12703","FLMM","PSR+3500","PTE-OFF","Pterocarpus","officinalis",NA,"116.502274259841","20170305",0.93170252817985
"BNL12704","FLMM","PSR+3500","PTE-OFF","Pterocarpus","officinalis",NA,"243.40385142244","20170305",0.948857590464452
"BNL12705","FLMM","PSR+3500","PTE-OFF","Pterocarpus","officinalis",NA,"93.3815251811983","20170305",0.938235615249344
"BNL12706","FLMM","PSR+3500","ZAN-MAR","Zanthoxylum","martinicense",NA,"191.327799699363","20170305",0.948784014469893
"BNL12707","FLMM","PSR+3500","ZAN-MAR","Zanthoxylum","martinicense",NA,"319.301827942901","20170305",0.957299116127279
"BNL12708","FLMM","PSR+3500","ZAN-MAR","Zanthoxylum","martinicense",NA,"196.99304388236","20170305",0.950004960580102
"BNL12709","FLMM","PSR+3500","ZAN-MAR","Zanthoxylum","martinicense",NA,"200.318305882568","20170305",0.939153401015477
"BNL12710","FLMM","PSR+3500","ZAN-MAR","Zanthoxylum","martinicense",NA,"246.580567581961","20170305",0.943624220472178
"BNL12717","FLMM","PSR+3500","MAM-AMA","Mammea","americana","Upper","212.536645406435","20170305",0.949265209465722
"BNL12872","FLMM","PSR+3500","BOU-SUC","Bourreria","succculenta","Upper","53.0317981249458","20170305",0.882797676464201
"BNL12873","FLMM","PSR+3500","MAM-AME","Mammea","americana","Lower","104.453894977909","20170305",0.916098857797472
"BNL12874","FLMM","PSR+3500","MAM-AME","Mammea","americana","Lower","68.7898293615893","20170305",0.931876241213071
"BNL12875","FLMM","PSR+3500","BUR-SIM","Bursera","simaruba","Upper","188.461193537696","20170305",0.930504829537055
"BNL12876","FLMM","PSR+3500","BUR-SIM","Bursera","simaruba","Upper","74.894275632758","20170305",0.876772354687841
"BNL12877","FLMM","PSR+3500","ZAN-MAR","Zanthoxylum","martinicense","Upper","361.593084053385","20170305",0.938361829966255
"BNL12878","FLMM","PSR+3500","CAL-CAN","Calycophyllum","candidissimum","Upper","231.115933217196","20170305",0.931131964128662
"BNL12879","FLMM","PSR+3500","CAL-CAN","Calycophyllum","candidissimum","Upper","99.910328411503","20170305",0.936596850120429
"BNL12880","FLMM","PSR+3500","ANA-OCC","Anacardium","occidentale","Upper","63.9192495513136","20170305",0.911972219323209
"BNL12881","FLMM","PSR+3500","COR-DEN","Cordia","dentata","Upper","111.439123656522","20170305",0.918150445433347
"BNL12882","FLMM","PSR+3500","COR-DEN","Cordia","dentata","Upper","18.4045223186029","20170305",0.830080108297892
"BNL12883","FLMM","PSR+3500","ANA-OCC","Anacardium","occidentale","Upper","147.683284516718","20170305",0.914055316452034
"BNL12884","FLMM","PSR+3500","ANA-OCC","Anacardium","occidentale","Upper","39.7718082496005","20170305",0.884767399604451
"BNL12885","FLMM","PSR+3500","CLU-ROS","Clusia","rosea","Lower","157.292547295134","20170305",0.921124601760015
"BNL12886","FLMM","PSR+3500","CLU-ROS","Clusia","rosea","Lower","130.347640817372","20170305",0.948458507998864
"BNL12887","FLMM","PSR+3500","CLU-ROS","Clusia","rosea","Lower","253.719794903203","20170305",0.94949756591807
"BNL12888","FLMM","PSR+3500","ANA-OCC","Anacardium","occidentale","Upper","231.903958966492","20170305",0.951128412396313
"BNL12889","FLMM","PSR+3500","ANA-OCC","Anacardium","occidentale","Upper","154.531843920518","20170305",0.931648112901873
"BNL12890","FLMM","PSR+3500","CLU-ROS","Clusia","rosea","Lower","0.027702317540191","20170305",0.940526614093401
"BNL12891","FLMM","PSR+3500","MAM-AME","Mammea","americana","Upper","5.84878015778391","20170305",0.953291466865101
"BNL12892","FLMM","PSR+3500","MAM-AME","Mammea","americana","Upper","53.9530257340795","20170305",0.950906059226363
"BNL12893","FLMM","PSR+3500","ANA-OCC","Anacardium","occidentale","Upper","17.8777822136198","20170305",0.884477647234395
"BNL12894","FLMM","PSR+3500","CLU-ROS","Clusia","rosea","Upper","77.2900137739565","20170305",0.928267276012641
"BNL12895","FLMM","PSR+3500","CLU-ROS","Clusia","rosea","Upper","190.971630182651","20170305",0.938634566930133
"BNL12896","FLMM","PSR+3500","MAM-AME","Mammea","americana","Upper","11.6426891841285","20170305",0.939825014874995
"BNL12897","FLMM","PSR+3500","CLU-ROS","Clusia","rosea","Upper","27.8104236827116","20170305",0.925691780179716
"BNL12898","FLMM","PSR+3500","MAM-AME","Mammea","americana","Upper","11.4676063550165","20170305",0.960686768766991
"BNL12900","FLMM","PSR+3500","BYR-LUC","Byrsonima","lucida","Upper","192.117010966133","20170305",0.945166950227177
"BNL12711","FLMM","HR-1024i","MAM-AMA","Mammea","americana",NA,"209.70403375511","20170305",0.949613369770203
"BNL12712","FLMM","HR-1024i","MAM-AMA","Mammea","americana","Upper","238.711732607577","20170305",0.955550066167132
"BNL12713","FLMM","HR-1024i","MAM-AMA","Mammea","americana","Upper","122.482287777205","20170305",0.944695158545688
"BNL12714","FLMM","HR-1024i","MAM-AMA","Mammea","americana","Upper","115.173293193664","20170305",0.934629667388866
"BNL12715","FLMM","HR-1024i","TRI-HIR","Trichilia","hirta","Upper","162.9116838549","20170305",0.932086674542832
"BNL12716","FLMM","HR-1024i","LYS-SAB","Lysiloma","sabicu","Upper","151.277845433333","20170305",0.94141717274468
"BNL12862","CAM II","HR-1024i","CHR-PAU","Chrysophyllum","pauciflorum","Mid","132.581731951136","20170305",0.92231038787833
"BNL12863","CAM II","HR-1024i","LIC-PAR","Licaria","parvifolia (Lam.) Kosterm.","Upper","427.019555713193","20170305",0.955022587129802
"BNL12864","CAM II","HR-1024i","LIC-PAR","Licaria","parvifolia (Lam.) Kosterm.","Upper","121.721835517207","20170305",0.868075119004128
"BNL12865","CAR I","HR-1024i","KRU-FER","Krugiodendron","ferreum (Vahl) Urb.","Mid","352.824015601729","20170305",0.953324476033814
"BNL12866","CAM II","HR-1024i","GYM-LUC","Gymnanthes","lucida Sw.","Mid","156.007154381788","20170305",0.935090825012738
"BNL12867","FLMM","HR-1024i","AND-INE","Andira","inermis (MOCA)","Upper","223.531543919798","20170305",0.945063701408089
"BNL12868","FLMM","HR-1024i","BOU-SUC","Bourreria","succculenta","Lower","265.195948751385","20170305",0.915453570257542
"BNL12869","FLMM","HR-1024i","PIM-RAC","Pimenta","racemosa","Upper","157.229450776077","20170305",0.944619607730499
"BNL12870","FLMM","HR-1024i","BOU-SUC","Bourreria","succculenta","Upper","56.3594970753518","20170305",0.85603041633254
"BNL12871","FLMM","HR-1024i","BOU-SUC","Bourreria","succculenta","Upper","571.72454147697","20170305",0.896714427285163
"BNL12872","FLMM","PSR+3500","BOU-SUC","Bourreria","succculenta","Upper","62.7030056304907","20170305",0.882949818873487
"BNL12873","FLMM","PSR+3500","MAM-AME","Mammea","americana","Lower","106.71914669693","20170305",0.907750502831698
"BNL12874","FLMM","PSR+3500","MAM-AME","Mammea","americana","Lower","89.0995889286909","20170305",0.930541705906592
"BNL12875","FLMM","PSR+3500","BUR-SIM","Bursera","simaruba","Upper","208.902740638042","20170305",0.930242018376669
"BNL12876","FLMM","PSR+3500","BUR-SIM","Bursera","simaruba","Upper","90.7545067553036","20170305",0.867214373748764
"BNL12877","FLMM","PSR+3500","ZAN-MAR","Zanthoxylum","martinicense","Upper","283.441358587245","20170305",0.941447610029773
"BNL12878","FLMM","PSR+3500","CAL-CAN","Calycophyllum","candidissimum","Upper","252.643239180346","20170305",0.919678366406081
"BNL12879","FLMM","PSR+3500","CAL-CAN","Calycophyllum","candidissimum","Upper","109.679332918515","20170305",0.929059132421989
"BNL12880","FLMM","PSR+3500","ANA-OCC","Anacardium","occidentale","Upper","78.3472343571783","20170305",0.907211043058964
"BNL12881","FLMM","PSR+3500","COR-DEN","Cordia","dentata","Upper","119.580375251131","20170305",0.908121490432465
"BNL12882","FLMM","PSR+3500","COR-DEN","Cordia","dentata","Upper","29.8106378902436","20170305",0.847976972047272
"BNL12883","FLMM","PSR+3500","ANA-OCC","Anacardium","occidentale","Upper","140.347578867336","20170305",0.909580430945479
"BNL12884","FLMM","PSR+3500","ANA-OCC","Anacardium","occidentale","Upper","50.0867957638727","20170305",0.875995428401068
"BNL12885","FLMM","PSR+3500","CLU-ROS","Clusia","rosea","Lower","149.849663807863","20170305",0.916802397393769
"BNL12886","FLMM","PSR+3500","CLU-ROS","Clusia","rosea","Lower","154.147245554359","20170305",0.948427840439385
"BNL12887","FLMM","PSR+3500","CLU-ROS","Clusia","rosea","Lower","248.493841706011","20170305",0.950015914668373
"BNL12888","FLMM","PSR+3500","ANA-OCC","Anacardium","occidentale","Upper","218.956952138082","20170305",0.947968304711879
"BNL12889","FLMM","PSR+3500","ANA-OCC","Anacardium","occidentale","Upper","356.135910482","20170305",0.938347929296856
"BNL12890","FLMM","PSR+3500","CLU-ROS","Clusia","rosea","Lower","5.69344423801031","20170305",0.877797153651253
"BNL12891","FLMM","PSR+3500","MAM-AME","Mammea","americana","Upper","9.98908704837323","20170305",0.953406176202221
"BNL12892","FLMM","PSR+3500","MAM-AME","Mammea","americana","Upper","116.022039375566","20170305",0.951297935530144
"BNL12893","FLMM","PSR+3500","ANA-OCC","Anacardium","occidentale","Upper","26.392714959392","20170305",0.897309060286319
"BNL12894","FLMM","PSR+3500","CLU-ROS","Clusia","rosea","Upper","90.7467809152681","20170305",0.928815079521693
"BNL12895","FLMM","PSR+3500","CLU-ROS","Clusia","rosea","Upper","199.788197078347","20170305",0.93598372289451
"BNL12896","FLMM","PSR+3500","MAM-AME","Mammea","americana","Upper","13.7029765242013","20170305",0.938473430103345
"BNL12897","FLMM","PSR+3500","CLU-ROS","Clusia","rosea","Upper","19.1695853211722","20170305",0.925358249563994
"BNL12898","FLMM","PSR+3500","MAM-AME","Mammea","americana","Upper","9.33062316690618","20170305",0.956158057089408
"BNL12899","FLMM","HR-1024i","BYR-LUC","Byrsonima","lucida","Upper","57.6376786102756","20170305",0.914817947104589
"BNL12900","FLMM","PSR+3500","BYR-LUC","Byrsonima","lucida","Upper","187.721226475698","20170305",0.945461143940512
"BNL12601","FLMM","PSR+3500","GUA-OFF","Guaiacum","officinale","Upper","107.283627409686","20170306",0.925716282351402
"BNL12602","FLMM","PSR+3500","QUA-CYN","Quadrella","cynophallophora","Upper","15.1906115450414","20170306",0.899320401457362
"BNL12603","FLMM","PSR+3500","QUA-CYN","Quadrella","cynophallophora","Upper","116.888448201414","20170306",0.924568187380037
"BNL12604","FLMM","PSR+3500","COC-DIV","Coccoloba","diversifolia","Upper","71.9191112590053","20170306",0.906828374301836
"BNL12605","FLMM","PSR+3500","COC-DIV","Coccoloba","diversifolia","Upper","174.034734489506","20170306",0.927219072529581
"BNL12606","FLMM","PSR+3500","PET-DOM","Petitia","domingensis","Upper","10.6924932943474","20170306",0.886801149886953
"BNL12607","FLMM","PSR+3500","PET-DOM","Petitia","domingensis","Upper","31.8786954682293","20170306",0.912643120195263
"BNL12608","FLMM","PSR+3500","PET-DOM","Petitia","domingensis","Upper","122.770700185654","20170306",0.922253781211987
"BNL12609","FLMM","PSR+3500","CAL-ANT","Calophyllum","antillanum","Upper","20.1163136228984","20170306",0.914681476805255
"BNL12610","FLMM","PSR+3500","CAL-ANT","Calophyllum","antillanum","Upper","429.35025875134","20170306",0.945051194147238
"BNL12611","FLMM","PSR+3500","COC-PUB","Coccoloba","pubescens","Upper","163.06573879032","20170306",0.945191821993219
"BNL12612","FLMM","PSR+3500","COC-PUB","Coccoloba","pubescens","Upper","143.340213848373","20170306",0.932262886570688
"BNL12613","FLMM","PSR+3500","COC-PUB","Coccoloba","pubescens","Upper","87.0689828262605","20170306",0.929294248614266
"BNL12614","FLMM","PSR+3500","COC-PUB","Coccoloba","pubescens","Upper","162.119649472839","20170306",0.930027698784858
"BNL12615","FLMM","PSR+3500","COC-PUB","Coccoloba","pubescens","Upper","551.162298389437","20170306",0.919118540499417
"BNL12616","FLMM","PSR+3500","BUC-BUC","Bucida","buceras","Upper","162.01119202425","20170306",0.938876198042693
"BNL12617","FLMM","PSR+3500","BUC-BUC","Bucida","buceras","Upper","192.873183840814","20170306",0.920263286902002
"BNL12618","FLMM","PSR+3500","MAN-BID","Manilkara","bidentata","Upper","6.69654392569603","20170306",0.852524365756879
"BNL12619","FLMM","PSR+3500","MAN-BID","Manilkara","bidentata","Upper","185.264953492388","20170306",0.946390331393915
"BNL12620","FLMM","PSR+3500","MAN-BID","Manilkara","bidentata","Upper","539.802952999412","20170306",0.944723589858872
"BNL12621","FLMM","PSR+3500","COC-DIV","Coccoloba","diversifolia","Upper","98.1007423959066","20170306",0.930828379014657
"BNL12622","FLMM","PSR+3500","COC-DIV","Coccoloba","diversifolia","Upper","156.823095014118","20170306",0.943106036813259
"BNL12719","FLMM","PSR+3500","COC-DIV","Coccoloba","diversifolia","Upper","176.16283336618","20170306",0.960298789777089
"BNL12720","FLMM","PSR+3500","COC-DIV","Coccoloba","diversifolia","Upper","127.6943589444","20170306",0.940138482769797
"BNL12722","FLMM","PSR+3500","COC-DIV","Coccoloba","diversifolia","Upper","235.302391310203","20170306",0.952530925920932
"BNL12723","FLMM","PSR+3500","COC-DIV","Coccoloba","diversifolia","Upper","158.011483932907","20170306",0.959361974391641
"BNL12724","FLMM","PSR+3500","COC-DIV","Coccoloba","diversifolia","Upper","98.2794405725444","20170306",0.945468818736323
"BNL12725","FLMM","PSR+3500","BOU-SUC","Bourreria","succculenta","Upper","142.673398806315","20170306",0.905889367089242
"BNL12726","FLMM","PSR+3500","BOU-SUC","Bourreria","succculenta","Upper","113.514714123837","20170306",0.907272071334687
"BNL12727","FLMM","PSR+3500","BOU-SUC","Bourreria","succculenta","Upper","164.71379315347","20170306",0.921581187469023
"BNL12728","FLMM","PSR+3500","BOU-SUC","Bourreria","succculenta","Upper","277.922611363058","20170306",0.92847629407474
"BNL12729","FLMM","PSR+3500","BOU-SUC","Bourreria","succculenta","Upper","244.983967791332","20170306",0.93075821044058
"BNL12730","FLMM","PSR+3500","BOU-SUC","Bourreria","succculenta","Upper","175.530224245044","20170306",0.914986142335016
"BNL12731","FLMM","PSR+3500","CLU-ROS","Clusia","rosea","Upper","0.589766940515846","20170306",0.947563034785955
"BNL12732","FLMM","PSR+3500","GUA-FRA","Guapira","fragans","Upper","13.7238837695063","20170306",0.849787510960588
"BNL12733","FLMM","PSR+3500","GUA-FRA","Guapira","fragans","Upper","192.629309635606","20170306",0.90964890848726
"BNL12734","FLMM","PSR+3500","COC-DIV","Coccoloba","diversifolia","Upper","156.193580119044","20170306",0.945618964180272
"BNL12735","FLMM","PSR+3500","COC-DIV","Coccoloba","diversifolia","Upper","175.10972942956","20170306",0.959661327790386
"BNL12736","FLMM","PSR+3500","GUA-OFF","Guaiacum","officinale","Upper","52.564417062478","20170306",0.916954683099812
"BNL12737","FLMM","PSR+3500","CLU-ROS","Clusia","rosea","Upper","0.254023154834506","20170306",0.948514356860024
"BNL12738","FLMM","PSR+3500","CLU-ROS","Clusia","rosea","Upper","32.1273256192515","20170306",0.939020849965962
"BNL12739","FLMM","PSR+3500","CLU-ROS","Cordia","collococca",NA,"158.088434816423","20170306",0.937632684686588
"BNL12740","FLMM","PSR+3500","COR-COL","Cordia","collococca","Upper","121.460524720162","20170306",0.908039670944023
"BNL12741","FLMM","PSR+3500","COR-COL","Cordia","collococca","Upper","134.0050457976","20170306",0.914250809894611
"BNL12742","FLMM","PSR+3500","COR-COL","Cordia","collococca","Upper","150.248728930126","20170306",0.923286614848809
"BNL12743","FLMM","PSR+3500","COC-PUB","Coccoloba","pubescens","Upper","277.573550607225","20170306",0.930540070444727
"BNL12744","FLMM","PSR+3500","COC-PUB","Coccoloba","pubescens","Upper","606.738213577205","20170306",0.890759381318202
"BNL12745","FLMM","PSR+3500","COC-PUB","Coccoloba","pubescens","Upper","775.973980519743","20170306",0.872111224660813
"BNL12746","FLMM","PSR+3500","COC-PUB","Coccoloba","pubescens","Upper","693.516610592359","20170306",0.923554640734772
"BNL12623","FLMM","PSR+3500","FIC-TRY","Ficus","trigonata","Upper","96.4803821860189","20170307",0.924717845131286
"BNL12624","FLMM","PSR+3500","FIC-TRY","Ficus","trigonata","Upper","150.733831084227","20170307",0.940817629207729
"BNL12625","FLMM","PSR+3500","FIC-CIT","Ficus","citrifolia","Lower","25.0388652133178","20170307",0.837005562169171
"BNL12626","FLMM","PSR+3500","FIC-CIT","Ficus","citrifolia","Lower","84.480459520402","20170307",0.885937462471599
"BNL12627","FLMM","PSR+3500","TRE-MIC","Trema","micrantha","Lower","378.956660662807","20170307",0.913461680575925
"BNL12628","FLMM","PSR+3500","GUA-GUI","Guarea","guidonia","Mid","122.124351512751","20170307",0.944046376023153
"BNL12629","FLMM","PSR+3500","GUA-GUI","Guarea","guidonia","Upper","137.786858049883","20170307",0.938902283104023
"BNL12630","FLMM","PSR+3500","SWI-MAH","Swietenia","mahagoni","Upper","176.496839126223","20170307",0.931810179376378
"BNL12631","FLMM","PSR+3500","GUA-GUI","Guarea","guidonia","Upper","13.0150776831605","20170307",0.853248614345367
"BNL12633","FLMM","PSR+3500","FIC-TRY","Ficus","trigonata","Lower","195.758972221583","20170307",0.924130363889138
"BNL12634","FLMM","PSR+3500","FIC-TRY","Ficus","trigonata","Lower","349.758412358872","20170307",0.929109177008075
"BNL12635","FLMM","PSR+3500","TER-CAT","Terminalia","catappa","Upper","197.900921591719","20170307",0.937374686563319
"BNL12636","FLMM","PSR+3500","GUA-ULM","Guazuma","ulmifolia","Upper","253.253690244866","20170307",0.944277361184794
"BNL12637","FLMM","PSR+3500","DEN-ARB","Dendropanax","arboreus","Lower","200.882057439459","20170307",0.950071556045521
"BNL12638","FLMM","PSR+3500","DEN-ARB","Dendropanax","arboreus","Lower","319.290942837052","20170307",0.920882442637497
"BNL12639","FLMM","PSR+3500","DEN-ARB","Dendropanax","arboreus","Upper","21.5964311736075","20170307",0.728616483931318
"BNL12640","FLMM","PSR+3500","DEN-ARB","Dendropanax","arboreus","Upper","238.435921034423","20170307",0.925394527895804
"BNL12641","FLMM","PSR+3500","TET-BAL","Tetragastris","balsamifera","Lower","359.61706360602","20170307",0.953924086741808
"BNL12642","FLMM","PSR+3500","TET-BAL","Tetragastris","balsamifera","Lower","557.816245092192","20170307",0.933709723714013
"BNL12643","FLMM","PSR+3500","BUC-TET","Buchenavia","tetraphylla","Lower","436.840151529097","20170307",0.902467519206878
"BNL12644","FLMM","PSR+3500","BUC-TET","Buchenavia","tetraphylla","Upper","150.365318484626","20170307",0.944750116022245
"BNL12645","FLMM","PSR+3500","DEL-REG","Delonix","regia","Upper","103.649650809279","20170307",0.931127945162145
"BNL12646","FLMM","PSR+3500","GUA-ULM","Guazuma","ulmifolia","Lower","207.751540884747","20170307",0.930991233836478
"BNL12647","FLMM","PSR+3500","SPA-CAM","Spathodea","campanulata P. Beauv","Upper","55.7108036607212","20170307",0.906533670106587
"BNL12648","FLMM","PSR+3500","DEN-ARB","Dendropanax","arboreus","Upper","20.6390019630931","20170307",0.81030079935226
"BNL12649","FLMM","PSR+3500","DEN-ARB","Dendropanax","arboreus","Upper","271.036853847416","20170307",0.942426304073674
"BNL12651","FLMM","PSR+3500","TET-BAL","Tetragastris","balsamifera","Upper","13.8151824237047","20170307",0.810754550502984
"BNL12747","IITF","PSR+3500","SWI-MAC","Swietenia","macrophylla","Upper","120.889664276309","20170307",0.883197465512228
"BNL12748","IITF","PSR+3500","SWI-MAC","Swietenia","macrophylla","Upper","131.620248847231","20170307",0.916174402049919
"BNL12749","IITF","PSR+3500","SWI-MAC","Swietenia","macrophylla","Upper","117.79682923805","20170307",0.917854839858935
"BNL12750","IITF","PSR+3500","SWI-MAC","Swietenia","macrophylla","Upper","128.007474148932","20170307",0.923722714285893
"BNL12751","IITF","PSR+3500","SWI-MAC","Swietenia","macrophylla","Upper","80.0719552020012","20170307",0.885931224421964
"BNL12752","IITF","PSR+3500","AND-INE","Andira","inermis (MOCA)","Upper","22.5665658791567","20170307",0.859232221412638
"BNL12753","IITF","PSR+3500","AND-INE","Andira","inermis (MOCA)","Upper","23.2214411332057","20170307",0.839842839064048
"BNL12754","IITF","PSR+3500","AND-INE","Andira","inermis (MOCA)","Upper","220.326563251253","20170307",0.939076224116136
"BNL12756","IITF","PSR+3500","AND-INE","Andira","inermis (MOCA)","Upper","212.313483222485","20170307",0.925636740876039
"BNL12757","IITF","PSR+3500","AND-INE","Andira","inermis (MOCA)","Upper","23.2873725179446","20170307",0.871435423451316
"BNL12758","IITF","PSR+3500","CAL-ANT","Calophyllum","antillanum","Upper","239.303779131236","20170307",0.956692201818661
"BNL12759","IITF","PSR+3500","CAL-ANT","Calophyllum","antillanum","Upper","225.68419252335","20170307",0.955104718904341
"BNL12760","IITF","PSR+3500","CAL-ANT","Calophyllum","antillanum","Upper","209.379272938479","20170307",0.954032311174407
"BNL12761","IITF","PSR+3500","CAL-ANT","Calophyllum","antillanum","Upper","5.57538614519721","20170307",0.881400198667445
"BNL12762","IITF","PSR+3500","CAL-ANT","Calophyllum","antillanum","Upper","0.0903169447485709","20170307",0.899468289227021
"BNL12763","IITF","PSR+3500","CAL-ANT","Calophyllum","antillanum","Upper","3.67438201699468","20170307",0.904560604205162
"BNL12764","IITF","PSR+3500","CLI-FAI","Clitorin","fairchildan","Upper","146.864774129657","20170307",0.923692159455446
"BNL12765","IITF","PSR+3500","CLI-FAI","Clitorin","fairchildan","Upper","126.388071785615","20170307",0.921387749156989
"BNL12766","IITF","PSR+3500","CLI-FAI","Clitorin","fairchildan","Upper","71.2534071364558","20170307",0.898812728160951
"BNL12767","IITF","PSR+3500","CLI-FAI","Clitorin","fairchildan","Upper","80.5162641261022","20170307",0.907063216947753
"BNL12768","IITF","PSR+3500","CLI-FAI","Clitorin","fairchildan","Upper","123.702205852286","20170307",0.922823405737025
"BNL12650","FLMM","PSR+3500","SPA-CAM","Spathodea","campanulata P. Beauv","Lower","201.936422929484","20170308",0.932484346609726
"BNL12652","FLMM+IITF","PSR+3500","MAN-BID","Manilkara","bidentata","Upper","26.5888555291929","20170308",0.859824081741773
"BNL12653","FLMM+IITF","PSR+3500","CEI-PEN","Ceiba","pentandra","Upper","147.665723653793","20170308",0.850932821820502
"BNL12654","FLMM+IITF","PSR+3500","CEI-PEN","Ceiba","pentandra","Upper","134.233996600222","20170308",0.91105475605542
"BNL12655","FLMM+IITF","PSR+3500","MAN-BID","Manilkara","bidentata","Upper","219.752205593225","20170308",0.900286781803352
"BNL12656","FLMM+IITF","PSR+3500","MAN-BID","Manilkara","bidentata","Upper","246.368715875176","20170308",0.791765090988805
"BNL12657","FLMM+IITF","PSR+3500","SWI-MAH","Swietenia","mahagoni","Lower","163.156193891736","20170308",0.923638343373417
"BNL12658","FLMM+IITF","PSR+3500","CEI-PEN","Ceiba","pentandra","Mid","23.7022512669848","20170308",0.835154039551918
"BNL12659","FLMM+IITF","PSR+3500","FIC-CIT","Ficus","citrifolia","Upper","70.1634705937143","20170308",0.92801568811675
"BNL12660","FLMM+IITF","PSR+3500","FIC-CIT","Ficus","citrifolia","Upper","111.78124712645","20170308",0.941690183142124
"BNL12661","FLMM+IITF","PSR+3500","FIC-CIT","Ficus","citrifolia","Upper","186.42064394464","20170308",0.932320048218839
"BNL12662","FLMM+IITF","PSR+3500","COR-ALL","Cordia","alliodora","Lower","563.476611943595","20170308",0.880507768103907
"BNL12663","FLMM+IITF","PSR+3500","TET-BAL","Tetragastris","balsamifera","Upper","195.02687416271","20170308",0.945313179925612
"BNL12664","FLMM+IITF","PSR+3500","COR-ALL","Cordia","alliodora","Upper","223.38851716818","20170308",0.928935617319699
"BNL12665","FLMM+IITF","PSR+3500","OCO-LEU","Ocotea","leucoxylon (Sw.) De Laness.","Upper","211.188414537471","20170308",0.925902024390121
"BNL12666","FLMM+IITF","PSR+3500","CIN-ELO","Cinnamomum","elongatum (Vahl ex Nees) Kosterm.","Upper","61.0288844423754","20170308",0.863524238982277
"BNL12667","FLMM+IITF","PSR+3500","CIN-ELO","Cinnamomum","elongatum (Vahl ex Nees) Kosterm.","Upper","149.103003706063","20170308",0.929036402146142
"BNL12668","FLMM+IITF","PSR+3500","CIN-ELO","Cinnamomum","elongatum (Vahl ex Nees) Kosterm.","Upper","339.064663742819","20170308",0.92927145149739
"BNL12669","FLMM+IITF","PSR+3500","CEC-SCH","Cecropia","schreberiana Miq.","Upper","119.196806888645","20170308",0.948944688259167
"BNL12670","FLMM+IITF","PSR+3500","CEC-SCH","Cecropia","schreberiana Miq.","Upper","141.121080291962","20170308",0.950770360852137
"BNL12671","FLMM+IITF","PSR+3500","CIN-ELO","Cinnamomum","elongatum (Vahl ex Nees) Kosterm.","Lower","213.90289522922","20170308",0.940563808849523
"BNL12672","FLMM+IITF","PSR+3500","ALB-PRO","Albizia","procera (Roxb.) Benth.","Upper","62.1758098402567","20170308",0.927636367670154
"BNL12673","FLMM+IITF","PSR+3500","ALB-PRO","Albizia","procera (Roxb.) Benth.","Upper","132.174518310368","20170308",0.946944351917401
"BNL12674","FLMM+IITF","PSR+3500","CEC-SCH","Cecropia","schreberiana Miq.","Upper","2.67409160387243","20170308",0.897399860343389
"BNL12675","FLMM+IITF","PSR+3500","CLI-FAI","Clitorin","fairchildan","Upper","81.1538160835496","20170308",0.912484416730685
"BNL12676","FLMM+IITF","PSR+3500","CLI-FAI","Clitorin","fairchildan","Upper","121.943973291171","20170308",0.927881733773499
"BNL12677","FLMM+IITF","PSR+3500","CLI-FAI","Clitorin","fairchildan","Upper","97.9302226763236","20170308",0.799728747733012
"BNL12678","FLMM+IITF","PSR+3500","CLI-FAI","Clitorin","fairchildan","Upper","5.92785535264577","20170308",0.870729640133997
"BNL12679","FLMM+IITF","PSR+3500","CLI-FAI","Clitorin","fairchildan","Upper","167.567314103006","20170308",0.953181717625631
"BNL12680","FLMM+IITF","PSR+3500","AND-INE","Andira","inermis","Upper","19.572819140011","20170308",0.845158733089125
"BNL12681","FLMM+IITF","PSR+3500","AND-INE","Andira","inermis","Upper","30.6122411940052","20170308",0.882943968233653
"BNL12682","FLMM+IITF","PSR+3500","AND-INE","Andira","inermis","Upper","175.416712332212","20170308",0.926676779845438
"BNL12683","FLMM+IITF","PSR+3500","SWI-MAC","Swietenia","macrophylla","Upper","127.377581691109","20170308",0.926877180023827
"BNL12684","FLMM+IITF","PSR+3500","SWI-MAC","Swietenia","macrophylla","Upper","175.335989098314","20170308",0.870257809629318
"BNL12687","FLMM+IITF","PSR+3500","BUC-BUC","Bucida","buceras","Upper","230.916290388413","20170308",0.948590134698645
"BNL12688","FLMM+IITF","PSR+3500","BUC-BUC","Bucida","buceras","Upper","5.40966839142878","20170308",0.841346476593426
"BNL12689","FLMM+IITF","PSR+3500","BUC-BUC","Bucida","buceras","Upper","274.19553756466","20170308",0.9486504581526
"BNL12690","FLMM+IITF","PSR+3500","PIM-RAC","Pimenta","racemosa (Mill.) J.W. Moore","Upper","19.5335147393765","20170308",0.901690821034678
"BNL12691","FLMM+IITF","PSR+3500","PIM-RAC","Pimenta","racemosa (Mill.) J.W. Moore","Upper","63.7395325774579","20170308",0.922710382152151
"BNL12692","FLMM+IITF","PSR+3500","BUC-BUC","Bucida","buceras","Upper","88.2441462277162","20170308",0.928037722401924
"BNL12718","FLMM","PSR+3500","ROY-BOR","Roystonea","borinquena","Upper","174.008614420554","20170308",0.902836174647634
"BNL12769","FLMM","PSR+3500","ROY-BOR","Roystonea","borinquena","Upper","135.477659508765","20170308",0.892264930071442
"BNL12770","FLMM","PSR+3500","ROY-BOR","Roystonea","borinquena","Upper","134.509624616456","20170308",0.893558966910677
"BNL12771","FLMM","PSR+3500","ROY-BOR","Roystonea","borinquena","Upper","105.505207436466","20170308",0.929991331784633
"BNL12772","FLMM","PSR+3500","ROY-BOR","Roystonea","borinquena","Upper","111.38491516056","20170308",0.933716510228365
"BNL12773","IITF","PSR+3500","TER-WHR","Terocaous","whra","Upper","265.816714809232","20170308",0.960879107713114
"BNL12774","FLMM+IITF","PSR+3500","Cecropia","Cecropia",NA,"Upper","115.929790786025","20170308",0.953631344265719
"BNL12775","FLMM+IITF","PSR+3500","Cecropia","Cecropia",NA,"Upper","159.006891229954","20170308",0.951264515169675
"BNL12776","FLMM+IITF","PSR+3500","Cecropia","Cecropia",NA,"Upper","265.906101010797","20170308",0.960991930752598
"BNL12778","FLMM+IITF","PSR+3500","Cecropia","Cecropia",NA,"Upper","142.099298686325","20170308",0.949716133247599
"BNL12779","FLMM+IITF","PSR+3500","AND-INE","Andira","inermis (MOCA)","Upper","90.300136295082","20170308",0.931255841063044
"BNL12780","FLMM+IITF","PSR+3500","AND-INE","Andira","inermis (MOCA)",NA,"140.923501901777","20170308",0.948526872727388
"BNL12781","FLMM+IITF","PSR+3500","BUC-BUC","Bucida","buceras","Upper","239.89863159212","20170308",0.955155735160143
"BNL12782","FLMM+IITF","PSR+3500","BUC-BUC","Bucida","buceras","Upper","331.638933913246","20170308",0.952901011458634
"BNL12783","FLMM+IITF","PSR+3500","BUC-BUC","Bucida","buceras","Upper","232.71288716921","20170308",0.950184806679121
"BNL12784","FLMM+IITF","PSR+3500","BUC-BUC","Bucida","buceras","Upper","6.95975352401257","20170308",0.823374064037665
"BNL12785","FLMM+IITF","PSR+3500","BUC-BUC","Bucida","buceras","Upper","19.0443019334137","20170308",0.794747045358057
"BNL12786","FLMM+IITF","PSR+3500","BUC-BUC","Bucida","buceras","Upper","22.6886971279394","20170308",0.785073250125382
"BNL12787","FLMM+IITF","PSR+3500","CAL-ANT","Calophyllum","antillanum","Upper","222.357087028294","20170308",0.951799320820762
"BNL12788","FLMM+IITF","PSR+3500","CAL-ANT","Calophyllum","antillanum","Upper","169.037562909004","20170308",0.951844525377817
"BNL12789","FLMM+IITF","PSR+3500","CAL-ANT","Calophyllum","antillanum","Upper","193.338141626227","20170308",0.946594098979896
"BNL12698","SB2","PSR+3500","MAN-BID","Manilkara","bidentata","Lower","227.88041469429","20170309",0.960844949112228
"BNL12699","SB2","PSR+3500","CAL-CAL","Calophyllum","calaba","Mid","6.45399920221058","20170309",0.808361090999376
"BNL12700","SB2","PSR+3500","CAL-CAL","Calophyllum","calaba","Mid","4.32405049730775","20170309",0.858762003556724
"BNL12901","SB2","PSR+3500","CAL-CAL","Calophyllum","calaba","Upper","378.605504240797","20170308",0.958872510234842
"BNL12902","SB2","PSR+3500","SYZ-JAM","Syzygium","jambos","Upper","13.9045063493143","20170308",0.884889197184843
"BNL12903","SB2","PSR+3500","SYZ-JAM","Syzygium","jambos","Upper","535.254920994455","20170308",0.958397020479627
"BNL12904","SB2","PSR+3500","ING-LAU","Inga","laurina (Sw.) Willd.","Lower","170.658386293979","20170308",0.937058655456939
"BNL12905","SB2","PSR+3500","SYZ-JAM","Syzygium","jambos","Mid","8.40312606778044","20170308",0.85288337791419
"BNL12906","SB2","PSR+3500","SYZ-JAM","Syzygium","jambos","Mid","13.3345624532604","20170308",0.87767269734634
"BNL12907","SB2","PSR+3500","SYZ-JAM","Syzygium","jambos","Mid","270.400935659615","20170308",0.960492005615617
"BNL12908","SB2","PSR+3500","SYZ-JAM","Syzygium","jambos","Mid","371.171126818799","20170308",0.960528150780073
"BNL12909","SB2","PSR+3500","SYZ-JAM","Syzygium","jambos","Mid","14.295527178913","20170308",0.894010789703809
"BNL12910","SB2","PSR+3500","ALC-LAT","Alchornea","latifolia Sw.","Mid","46.4930855285615","20170308",0.849382313030757
"BNL12911","SB2","PSR+3500","ALC-LAT","Alchornea","latifolia Sw.","Mid","97.4198543700193","20170309",0.926222433382181
"BNL12912","SB2","PSR+3500","ALC-LAT","Alchornea","latifolia Sw.","Mid","164.535548773655","20170309",0.925533500238418
"BNL12913","SB2","PSR+3500","TAB-HET","Tabebuia","heterophylla (DC.) Britton","Mid","75.8531790459971","20170309",0.910444045243297
"BNL12914","SB2","PSR+3500","TAB-HET","Tabebuia","heterophylla (DC.) Britton","Mid","258.613472740316","20170309",0.957068937025252
"BNL12915","SB2","PSR+3500","ALC-LAT","Alchornea","latifolia Sw.","Upper","51.5931293540143","20170308",0.851001368163851
"BNL12916","SB2","PSR+3500","ALC-LAT","Alchornea","latifolia Sw.","Upper","291.189542775274","20170308",0.923340362536175
"BNL12917","SB2","PSR+3500","MAN-BID","Manilkara","bidentata","Mid","7.84571896175736","20170309",0.84498479144445
"BNL12918","SB2","PSR+3500","MAN-BID","Manilkara","bidentata",NA,"58.7133416936825","20170309",0.926882815372575
"BNL12919","SB2","PSR+3500","MAN-BID","Manilkara","bidentata","Mid","552.32590930034","20170309",0.953124598704886
"BNL12920","SB2","PSR+3500","CAL-CAL","calophyllum","calaba","Lower","2.77501413995693","20170308",0.824264765168951
"BNL12921","SB2","PSR+3500","CAL-CAL","calophyllum","calaba","Lower","154.755790044868","20170308",0.959206993150057
"BNL12922","SB2","PSR+3500","TAB-HET","Tabebuia","heterophylla (DC.) Britton","Lower","284.778252128725","20170308",0.943860246069889
"BNL12923","SB2","PSR+3500","CAL-CAL","calophyllum","calaba","Lower","2.27506192892827","20170308",0.875727125634449
"BNL12924","SB2","PSR+3500","CAL-CAL","calophyllum","calaba","Lower","574.581728344982","20170308",0.958302745230757
"BNL12925","SB2","PSR+3500","ALC-LAT","Alchornea","latifolia Sw.","Mid","92.9608508989464","20170308",0.894142910828639
"BNL12926","SB2","PSR+3500","ALC-LAT","Alchornea","latifolia Sw.","Mid","179.418039927491","20170309",0.893150363767715
